effective_from_date,effective_until_date_exclusive,ftp_watts
2019-07-18,2020-01-02,180
2020-01-02,2020-04-24,194
2020-04-24,2020-06-21,194
2020-06-21,2020-10-01,189
2020-10-01,2020-10-13,147
2020-10-13,2020-11-18,154
2020-11-18,2020-11-22,169
2020-11-22,2020-11-27,174
2020-11-27,2020-11-30,178
2020-11-30,2021-01-02,195
2021-01-02,2021-01-26,190
2021-01-26,2021-03-04,196
2021-03-04,2021-03-24,206
2021-03-24,2021-04-05,196
2021-04-05,2021-08-18,203
2021-08-18,2021-09-18,124
2021-09-18,2021-12-14,152
2021-12-14,2022-01-02,145
2022-01-02,2022-01-16,154
2022-01-16,2022-03-05,167
2022-03-05,2022-04-05,190
2022-04-05,2022-05-15,187
2022-05-15,2022-06-04,191
2022-06-04,2022-06-12,196
2022-06-12,2022-06-19,200
2022-06-19,2022-11-01,203
2022-11-01,2022-11-15,150
2022-11-15,2022-11-18,157
2022-11-18,2022-12-27,174
2022-12-27,2023-01-10,191
2023-01-10,2023-08-01,198
2023-08-01,2023-09-18,120
2023-09-18,2023-09-28,135
2023-09-28,2023-10-01,144
2023-10-01,2023-10-15,155
2023-10-15,2023-11-07,176
2023-11-07,2023-11-21,178
2023-11-21,2023-12-10,181
2023-12-10,2024-01-22,164
2024-01-22,2024-02-02,176
2024-02-02,2024-03-24,181
2024-03-24,2024-03-28,182
2024-03-28,2024-04-15,184
2024-04-15,2024-04-28,187
2024-04-28,2024-07-01,190
2024-07-01,2024-08-09,150
2024-08-09,2024-08-12,155
2024-08-12,2024-08-23,170
2024-08-23,2024-11-13,175
2024-11-13,2024-11-23,183
2024-11-23,2025-01-06,191
2025-01-06,2025-04-18,195
2025-04-18,2025-07-31,204
2025-07-31,2025-08-12,130
2025-08-12,2025-08-31,149
2025-08-31,2025-09-15,171
2025-09-15,2025-10-20,173
2025-10-20,2026-05-11,188
2026-05-11,2026-05-15,130
2026-05-15,2026-05-17,145
2026-05-17,2026-05-23,155
2026-05-23,2026-06-05,157
2026-06-05,2026-09-01,167
2026-09-01,2026-09-07,181
2026-09-07,2026-09-24,182
2026-09-24,,186
